"","sp.LT.avg.ctrl","sp.LT.avg.ko","sp.avg.ratio","sp.LT.peak.ctrl","sp.LT.peak.ctrl.1","sp.peak.ratio","cluster","cluster"
"Egr4",0.288741716783354,0.351791273467328,0.82077566602905,0.17255741994054,0.261844340434013,0.65900763657722,1,1
"Fosb",0.645529154450127,0.900737973714166,0.716666970071559,0.593486117262971,0.968041824109838,0.61307900390431,1,1
"Gm17024",0.410371625783117,1.03848064806239,0.395165404910331,0.259293919246247,1.27708116094051,0.203036366972393,1,1
"Fos",0.854893993986456,0.838226936250979,1.01988370573012,0.982587935841602,0.873953840676843,1.12430186825499,1,1
"Rgs1",1.72873069435091,1.91663124326114,0.901963119107609,2.63071900470705,2.2913077007904,1.14812995382487,1,1
"Atf3",0.683546702340945,0.640577253754558,1.06707926067392,0.57485271180516,0.586738405756679,0.979742771506169,1,1
"Egr1",0.828055926702502,0.916728530385909,0.903272778424297,0.799060979783865,0.875703091861474,0.912479340555152,1,1
"Nr4a1",0.786943580219611,0.924138161276685,0.851543214201282,0.617101450782159,0.726051703453518,0.849941468144583,1,1
"Zfp36",0.716487868216338,0.786290693070024,0.911225167143789,0.52034393312977,0.547635243282064,0.950165168354153,1,1
"Egr2",0.898373619706395,0.953219357026359,0.942462627394538,0.840654562095171,1.0842566890661,0.77532799250632,1,1
"Ppp1r15a",0.771595682773192,0.870026239577247,0.886864841166304,0.660522964448137,0.719028920172216,0.918631985330901,1,1
"Frat2",1.02841947788683,0.894829821939046,1.14929057198642,1.26393076910979,0.86008757563622,1.46953729470495,1,1
"Egr3",0.87846791682553,1.06512385397443,0.824756589149324,0.778802874270051,0.910886226297743,0.85499467637738,1,1
"Dusp1",0.819160953959991,0.90439199961081,0.905758735495785,0.689296933107111,0.871080250187864,0.79131277853958,1,1
"Ier2",0.732872518896118,0.746042666566826,0.982346656215636,0.550715414266895,0.527108110849445,1.04478645448921,1,1
"Tnfsf9",2.00993993236386,1.7091762293845,1.17596997770539,2.15807795938733,2.67160265245162,0.807784030835181,1,1
"Btg2",0.777413555993866,0.945017598964768,0.822644527303506,0.512564974781318,0.827678347417853,0.619280396038378,1,1
"Arc",1.04972710094967,0.990822592203209,1.05945010661846,1.23473005713722,1.21202064549746,1.01873681914919,1,1
"Gdf15",1.23104456637799,1.41523681287054,0.869850582731136,1.7713361988525,1.38462364725099,1.27929073172286,1,1
"Jun",0.756819722669058,0.823709779082846,0.918794145568763,0.474241228261296,0.663868320507927,0.714360383846081,1,1
"Ier3",0.859313145525781,1.10796063521792,0.775580935108556,0.634361314397641,0.829253689589207,0.764978585397538,1,1
"Junb",1.01271073485987,0.952404804552288,1.06331964099649,0.662529244981711,0.731158286594361,0.906136546803955,1,1
"Dusp8",0.965671045735736,0.982972179703238,0.982399162128144,0.691452911093746,0.69805856791192,0.990537102297973,1,1
"Cxcl1",1.020472372893,1.9113892381711,0.53389040416981,0.656819049315509,1.9252101611629,0.341167454112524,1,1
"Nfkbiz",1.51911737755624,1.55862637313255,0.974651400581071,0.983782864691008,1.67975396657729,0.585670809098065,1,1
"Cxcl2",2.27187461989289,2.57870944732934,0.881012252949155,1.27471321350649,2.2540744901763,0.565515123418474,1,1
"Pcdh10",0.564907095745915,0.630854609801313,0.895463212869019,0.510396247081997,0.455266599140468,1.12109310906096,2,2
"Ifrd1",0.905462960712686,0.81684803833486,1.10848397525501,0.913467299373864,0.67459889779602,1.35408952246772,2,2
"Zbtb10",1.034577392256,0.872731111701289,1.18544804738221,1.41924975935684,0.833541256802047,1.70267487994766,2,2
"Mir17hg",1.03431421426109,0.952144090722318,1.08630009295803,0.889353852511174,0.923338716400949,0.963193502789265,2,2
"Slc25a25",1.01698147541093,0.929416449044417,1.09421505984378,0.676733443854068,0.984974970971655,0.687056487523217,2,2
"Zswim4",1.32941112416819,0.914249651731441,1.45410077176459,1.25172133984185,0.783253946985656,1.59810409466697,2,2
"Stk17b",1.11935598121765,0.807902570779561,1.38550862653842,1.24713377108259,0.716343627576076,1.74097140404889,2,2
"Creb5",0.976467050902367,0.904130780873972,1.08000642336109,0.821538047561638,0.867163305229071,0.947385622301694,2,2
"Hivep1",1.03235542466889,0.79439339424424,1.29955187461124,0.636835549427385,0.649315764000839,0.98077943696214,2,2
"4930523C07Rik",0.893514516601964,0.832115520235489,1.07378662562272,0.705437881928193,0.680441547321867,1.03673546200215,2,2
"Itpkc",1.13462960274528,0.907140068005556,1.25077663611517,1.43310117264606,0.689564035702083,2.07827134021997,2,2
"Arg2",1.17840558430167,1.41579400079905,0.832328420403388,0.999320109434054,1.20018538922895,0.832638122745401,2,2
"Fgf7",1.12448740738629,1.07710395206074,1.04399153418284,1.06030570644872,1.02451235900878,1.03493696013055,2,2
"Nfil3",0.978241793266593,1.00295874396838,0.975355964689043,0.75925662439406,0.793441561480951,0.95691562082646,2,2
"Fas",1.25662102173346,0.938233437315941,1.33934794024006,0.917490437285696,0.884164320451401,1.03769222085017,2,2
"Tnfrsf11b",0.903998117510399,1.00326413214544,0.90105694855973,0.996209683132436,0.899396033192545,1.10764295857103,2,2
"Arid5a",1.20574613115761,0.955693715494888,1.2616449303878,1.17413366383238,0.733407971496182,1.60092841837689,2,2
"Trib1",1.09602620169719,1.10152677374616,0.995006410937917,1.00702909634896,1.28654632462305,0.782738310370605,2,2
"Rasgef1a",1.05924068599201,0.542333384968719,1.95311724365466,1.02807469851328,0.39592407944537,2.59664605384309,3,3
"Klf10",1.2950775791731,0.93953079992782,1.37843014755088,1.7807990927235,0.8442765453055,2.10926041073322,3,3
"Irf1",1.60127609930506,0.752941933402024,2.12669268142631,1.70236504358315,0.541552183008456,3.14349216381345,3,3
"Tnfaip3",1.5132924693861,0.894676555100195,1.69144084614649,0.822358218099553,0.970351403689232,0.847484957483428,3,3
"Nr4a3",1.02552569206843,0.948271058668672,1.08146893516736,1.20849563047736,0.719790118741227,1.67895557192531,3,3
"Rel",1.66804610444079,1.05185807584628,1.58580909605961,2.39879548563611,0.830545188883566,2.88821790522996,3,3
"Klf5",1.31617837069108,1.24761486076562,1.0549556694791,1.36039596094346,1.19006586265096,1.14312661478506,3,3
"Gadd45b",1.28858166886983,0.964003494712845,1.33669813018019,1.68365506089511,0.900004450883853,1.87071859393769,3,3
"Pim1",1.75719891300272,1.07015999359722,1.64199645241465,1.65384629875163,0.893194308840546,1.85160863922038,3,3
"Mir155hg",2.5352463666,1.11064137263414,2.28268676916571,2.50399793292348,0.954946404103889,2.62213452206588,3,3
"Zc3h12c",1.6552702934426,0.991506409443613,1.66944991749621,2.72064486610762,0.850817841887623,3.19768196218312,3,3
"Nfatc1",0.974637313726742,0.790427250008613,1.2330512564137,0.780143640644715,0.709128652041458,1.10014401251285,3,3
"Cxcl10",4.43826385604973,0.766457580766492,5.79061903414311,3.61733532986774,0.584826680175091,6.18531173848763,3,3
"Zc3h12a",2.9215361487641,2.02761310631933,1.44087456312979,3.66143522906935,2.41923861867262,1.51346593130953,3,3
"Rnd1",2.03354103615258,1.45911992114524,1.39367642555143,1.54158187426161,1.85514435773641,0.830976774304829,3,3
"Stx11",1.32395771272449,0.732126655634938,1.80837250294662,0.96252254980335,0.772214644564494,1.24644430998351,3,3
"Bcl3",1.96159746339394,1.34938944848398,1.45369260564307,1.80552274002554,1.51447879453468,1.19217432858166,3,3
"Cgn",1.87624451583796,0.879383323292827,2.13359119526217,3.75900455739106,0.708379411669863,5.30648476715318,4,4
"Pdgfb",2.51960411930605,0.972969890050561,2.58960132792508,3.93102747758811,0.85531433495801,4.59600326677688,4,4
"Gm8773",1.22457469777071,0.707308064105556,1.73131731407484,0.968392875664026,0.599779306094328,1.61458200678855,4,4
"Csf1",1.66127953159507,1.01207724061074,1.64145528121211,1.26132501040969,1.00161552781483,1.25929059143227,4,4
"Plekhh1",1.3701542164394,0.895194425208283,1.5305660735327,1.23065682624159,0.865196988689139,1.42240072761482,4,4
"Rrad",1.44817460504643,0.879877494045302,1.64588208568484,1.31150166750155,0.778485670858766,1.68468311825804,4,4
"Dot1l",1.01380349357926,0.96023906423315,1.05578238934581,0.964979366125219,0.828531289286756,1.16468669150193,4,4
"Ccdc88c",1.11620369961948,0.955786323055698,1.16783811684072,1.31754920579366,0.75707787700812,1.74030868660494,4,4
"Errfi1",1.07658245800571,0.942722063620501,1.14199348837888,1.10554935207348,0.753842250700627,1.46655265215762,4,4
"Sik1",1.40314255593972,0.89132465826586,1.5742216294898,1.59886468235632,0.853491288399082,1.87332279085749,4,4
"Kcnk10",1.50704662885497,1.12636747071356,1.33797066058756,1.77694472791613,1.18360775828924,1.50129526903785,4,4
"Ccl1",3.3299354766337,0.795885325344462,4.18393877936183,3.82919767272995,1.20778739699443,3.17042360456724,4,4
"Zbtb46",1.13857789672833,0.710274095710496,1.60301199720567,1.30566407202132,0.584181304840707,2.23503227714099,4,4
"Ccl2",2.77726902671422,1.16352785897976,2.38693814271835,2.30647907351213,1.23708774151508,1.86444259053716,4,4
"Micall2",1.50240795678833,1.09833197081563,1.36789968489456,1.34981244833759,1.03279861398286,1.30694641730027,4,4
"Slco5a1",0.870995786785726,0.762921838547437,1.14165795600249,0.827435988929578,0.989060534920954,0.836587812085442,4,4
"Wnt11",1.4011835685492,0.805790536284584,1.73889305651306,1.7292589283886,0.852618109889595,2.02817522678766,4,4
"Tjp2",1.27693301915564,0.876504818253379,1.45684654843108,1.39608009484422,0.799639251604402,1.74588740115385,4,4
"Ccl7",2.29387384418781,1.2366837389865,1.85485890359302,2.34907798645409,1.35419969444179,1.73466143589878,4,4
"Birc3",1.73170522940562,0.899115760568692,1.92600920298662,1.37693493494287,0.966585309592726,1.42453534238281,4,4
"Angptl4",1.50251967589299,1.14827802855,1.30849814986908,2.04745492441683,1.14897750524748,1.78197999096233,4,4
"Bahcc1",1.10821519885599,1.01195984274856,1.09511776262385,1.39478738382872,1.0447764467285,1.33501036340952,4,4
"Bdkrb2",2.19361371488911,1.01811596249311,2.1545813990751,3.19093576063111,1.15730479617702,2.75721294093991,4,4
"Icam1",2.54878242856922,1.07256875822576,2.37633476550763,2.58643693538866,1.07924584398076,2.39652248819294,4,4
"Nfkb1",1.42110321086065,1.11733923944216,1.2718636925077,1.42472220699782,1.08553706311471,1.31245837236538,4,4
"Nfkb2",1.6824096521643,0.985954670328418,1.70637626941196,1.65185629424758,1.04659143665484,1.5783200935862,4,4
"Nfkbie",2.02671531010251,0.892321115371206,2.27128471487465,1.63354066278871,0.866650737159272,1.88488925555313,4,4
"Rab11fip1",2.51061159172908,1.22330324475799,2.05232153391842,3.44149542131521,1.49183794043878,2.30688289124957,4,4
"Relb",1.51993225289032,0.976915759645197,1.55584781787361,1.03992524975594,0.866512846360291,1.20012675417803,4,4
"Rhof",1.576377764937,1.011868042941,1.55788867524194,2.22716953595543,1.10078420932194,2.02325716257078,4,4
"Ripk2",2.27087146538308,1.18675675872669,1.91351045501488,1.66803430799927,1.31127499449206,1.27207055347334,4,4
"Trim47",1.45821282550361,1.00425677181704,1.45203185721637,1.49769992487191,0.957408995444073,1.56432614692244,4,4
"Vcam1",1.39170924949391,0.889684438191283,1.56427289244627,1.16023314950987,0.866726013888224,1.33863889039737,4,4
"Glrx",1.55450819344269,1.14082978892907,1.36261185369462,2.55922147208234,1.44830045019501,1.767051492484,5,5
"Slco2a1",1.48719213080349,0.993754014611142,1.49653949462074,1.88204636424029,1.1787176832085,1.5966896832474,5,5
"Ngef",0.859932941137974,1.0617252930203,0.809939206300446,0.846608033510862,2.07199865434058,0.408594876129539,5,5
"Rffl",1.43890883555461,1.31933349284855,1.09063314420062,1.92465606690757,1.70145878004304,1.13117995539032,5,5
"Gbp2",2.27685309184972,0.868347549445444,2.62205276367025,2.93185398906186,1.08240444920898,2.70864924031349,5,5
"Il34",1.69134015204914,1.11337892229167,1.51910559665335,2.56520102100489,0.969945822148088,2.64468484984437,5,5
"Gjb2",1.08054768175555,0.901803654584862,1.19820725527329,1.21599915358963,0.816541099656198,1.48920752929843,5,5
"Slc7a2",1.74997822877471,1.14034131013304,1.5346091676452,2.2706584214188,1.3727969738225,1.65403804402062,5,5
"Sod2",2.35130475104133,1.23820332400463,1.89896498051442,3.39231093369013,1.71644789020008,1.97635532838384,5,5
"Tnip1",1.87447722949172,1.09923189482776,1.70526095386401,2.34731027368184,1.49959186973868,1.56529941316025,5,5
"Mt2",1.56936589797994,1.21441326240411,1.29228323385826,2.07560193056659,1.91281880585349,1.08510117331289,5,5
"Ch25h",2.35533353650295,1.47730019190881,1.59434998343813,2.56575435693664,1.96324124121216,1.30689713677392,5,5
"Mnda",1.46655312360196,1.33307598242954,1.10012718174485,1.56030871542515,1.57821540459181,0.988653837039884,5,5
"Ikbke",1.76306731106701,1.42792935790963,1.23470205392233,2.78810710158363,2.2474491794847,1.24056513803925,5,5
"Adarb1",1.16736081397978,1.1449885591584,1.01953928241678,1.14292107568705,1.09303557568642,1.04563941111368,5,5
"Ifi203,Gm16340,LOC102641031",2.03829354421373,1.13254101260568,1.79975252244876,1.79563794166897,1.52467245329924,1.17772045909493,5,5
"Cx3cl1",2.09518164918637,1.32483966304515,1.5814605401914,2.54320550192458,1.61849143099575,1.57134319849931,5,5
"Gch1",2.67077146627209,1.35450997719785,1.9717621215292,2.88200995953585,1.8636578262252,1.54642655909282,5,5
"Serpina3g",1.78825243390512,1.19631198821182,1.4948044084872,1.85634052556939,1.49137739756959,1.2447154748319,5,5
"Atp2b4",1.18165375895987,1.19278291033028,0.990669591864514,1.40466126234203,1.20448647059072,1.16619098399099,5,5
"B4galt5",1.50026235000078,1.02826775942918,1.45901914773019,1.86690682937885,1.02817922585919,1.81574066313077,5,5
"Cebpb",1.66270795724586,1.31250056450577,1.26682456542178,1.92852251599236,1.53867110039444,1.25336890742796,5,5
"Gda",0.96791201516018,0.93464810370891,1.03558977043796,1.46419989551974,0.810087738908754,1.80745840875473,5,5
"Il1r1",1.24722585947182,0.970341205292448,1.28534772373798,1.4323325734137,0.923324867467254,1.55127693824893,5,5
"Jak2",1.38999771869856,1.07957312591293,1.2875438312927,1.61686129743556,1.13375618376805,1.42611023479661,5,5
"Nxph3",0.91591690838327,1.11328791636607,0.822713419339853,1.08281922995046,1.02221863083594,1.05928340306708,5,5
"Osmr",1.15994283147199,1.21653925777297,0.953477517524103,1.31060041910573,1.41881392500314,0.923729599780207,5,5
"Rab20",1.82370538847262,0.938374601204711,1.94347266659956,2.30458525143213,0.97939772010503,2.35306372898743,5,5
"Sdc4",1.34624883607068,1.14202817777469,1.17882278412248,1.64198494442821,1.12277765315603,1.46243108759132,5,5
"St3gal1",1.42912709129158,1.0161178885529,1.40645795865956,1.79354078465541,1.13344211879983,1.58238409787925,5,5
"Ifnb1",9.1423014734621,3.21921229945655,2.83991878230754,29.7475440656733,7.90030624982595,3.76536593962148,6,6
"Csf3",3.57777891488232,7.00832379944764,0.510504225727171,10.6004665863896,11.179364745432,0.948217258115764,6,6
"Cxcl3",6.23472391580029,3.4960298991043,1.78337259569709,7.58710403690759,6.33512482557947,1.19762502646719,6,6
"Ccl3",6.93280233150305,5.34387439788043,1.29733631730807,6.11911434840048,6.03234453391072,1.01438409460898,6,6
"Il1a",23.6322427246599,17.1744872975424,1.3760086292673,29.867443531354,24.0626186765037,1.24123828469752,6,6
"Nfkbia",1.57481752836946,1.32720853068978,1.18656374786183,0.953519053606238,1.40465548984147,0.678827698679235,6,6
"Slfn2",2.54306499650917,1.15992515140063,2.19243887714512,2.89183686787402,1.07940771258607,2.67909598398707,6,6
"Nos2",14.6112251296185,8.56480682174418,1.70596085045652,31.9914167421641,12.8921808200501,2.48145889269646,6,6
"Irg1",154.524019806677,15.3091270111503,10.0935879422864,142.255756253172,10.597930902479,13.4229744996636,6,6
"Hivep3",1.49318543535857,1.16530971482543,1.28136358631684,1.71840511509378,1.0696294296411,1.6065424786137,6,6
"Ifih1",4.21983102645872,1.49195773596837,2.82838509746377,8.51108541960326,1.89711754841732,4.48632475446959,6,6
"Oasl1",5.66803456676515,1.49886278008665,3.78155668555429,10.9010052312866,3.00395381474979,3.6288857630771,6,6
"Ptger2",2.27150819996977,1.6411317846321,1.38411078332688,3.79583244504915,2.04210657475645,1.85878273542205,6,6
"Rsad2",9.29181136554467,2.67527418964076,3.47321833460083,20.5645093633555,4.48536523346018,4.58480152517954,6,6
"Tnfaip2",3.72452612246592,1.34418833550862,2.7708365145548,4.2533620148343,1.48823103779032,2.85799846047396,6,6
"Tnfsf11",1.99649950309785,1.19696619291645,1.66796649304966,2.59027213120837,1.2629577357382,2.05095709690898,6,6
"Slc39a4",1.32478594945908,0.937894573499128,1.41251051759104,1.81493879666405,1.20944586572548,1.50063665360943,7,7
"Il1rap",1.28135046435468,1.18022505584895,1.08568315678826,1.79102079403494,1.21976756757021,1.46832957495556,7,7
"Cd274",1.58823370854286,1.15884961753737,1.37052615327083,1.83605449490073,1.05858424218655,1.73444344033336,7,7
"Tmem158",1.56282399590196,1.10833573252701,1.4100637108746,1.84702086414052,1.20969994838749,1.52684214511423,7,7
"Slco3a1",1.59837754263541,1.11296898345004,1.43613844267311,2.37088004057015,1.15463328332869,2.05336194166786,7,7
"Egln3",1.42746189296011,1.01947302828066,1.40019583977374,1.45343048024154,1.17294031476725,1.23913421846187,7,7
"Adtrp",1.4756525423356,0.679802730383107,2.17070699540143,1.65142303361809,0.641131718731565,2.57579368695924,7,7
"Grem2",0.991375530569817,0.977097451428463,1.01461274831951,0.937665319106626,0.853013225962198,1.09923889872744,7,7
"Gsap",1.66717200705223,1.13275602005208,1.47178384183346,2.09426343949129,1.4674939938237,1.4271018813743,7,7
"Timp1",1.67468492480598,1.19931627010373,1.39636638520808,2.35973269267232,1.47440332780384,1.60046620091885,7,7
"F2rl1",1.2231119778751,0.958692471742908,1.27581264474881,1.29835983907785,0.908595451131269,1.42897461951993,7,7
"Rab15",1.16321812276133,1.0187522707888,1.14180665517504,1.46205094770895,1.25288888959502,1.16694382067794,7,7
"Il1rl1",1.42549290969083,0.935978459205795,1.52299756011522,1.63537777596606,0.923623537365905,1.77061076272484,7,7
"Slc6a12",1.81249459728438,1.37078066207905,1.32223531263957,2.03555051692557,1.63842162358298,1.24238504157075,7,7
"Exoc3l4",1.96919897307506,1.09467351189131,1.79889158884717,1.92608906360629,1.31462044392586,1.46512940104172,7,7
"Flt1",1.46020238973694,1.04850817475411,1.39264759674322,1.62500974105487,1.09273874005474,1.48709813378948,7,7
"Nptx1",0.976350038530351,0.703394116930488,1.38805545146014,1.04844629555896,0.681348447004834,1.53878136828206,7,7
"Mmp9",2.22053238629186,1.19858578568322,1.85262699826372,3.56400894148153,1.50080194832324,2.37473635043144,8,8
"Acpp",2.55342659300023,1.26051652554634,2.02569862532625,4.35586037185693,1.48764250120862,2.92802899104997,8,8
"Kcnq5",0.971332994894574,1.14123500890515,0.851124428636682,0.715330814662423,1.44278434198175,0.495798847996835,8,8
"Pilra",3.11531881518664,1.53519307201084,2.02926841710281,7.53383255308644,2.33758473509984,3.2229131376342,8,8
"Prokr2",1.72108778509577,1.64613763741302,1.04553091186259,2.47400163694854,2.07668574363883,1.19132210760667,8,8
"Mmp1b",1.88180857790525,1.33183385612915,1.41294544304089,3.0081092395191,1.31136558901256,2.29387538053684,8,8
"Mmp3",4.90099203479152,1.62254183208066,3.02056436258827,10.8271231854342,1.96843097728327,5.50038244184575,8,8
"Rasl12",1.45113525246189,1.23440231815101,1.17557722561273,1.71365044593005,1.78680682802162,0.959057475635143,8,8
"Rbfox1",1.58941455422486,1.02743854349597,1.5469680053239,1.89121709632095,1.14131310225758,1.65705369769261,8,8
"U90926",2.1697535863827,1.40055733052852,1.54920726134354,4.14229833564203,1.39575876994483,2.96777525231368,8,8
"Gm16685",2.8775599675875,1.39715438337901,2.05958625748154,2.90344963587307,1.9542199044931,1.48573332468752,8,8
"Tmem132e",2.62661345530892,1.17229500839788,2.24057377749871,3.36619732735524,1.62620270737898,2.06997400267565,8,8
"Fpr2",8.08043540026738,4.4396325487398,1.82006851052595,11.9145560609529,7.8884209758558,1.5103854240817,8,8
"Itgal",3.59942461404504,1.68414414080343,2.13724260699439,8.186014766742,2.61675867310641,3.12830329020146,8,8
"Kcnn3",2.02291941873306,1.38303015552218,1.46267195307053,3.1722435940772,1.44638363655293,2.19322419993453,8,8
"Ptges",2.82454305291814,1.65951380465197,1.70203046518827,6.49877026998586,3.03978351808516,2.13790562101593,8,8
"Fpr1",14.1761562163359,3.5856012490048,3.9536343368551,26.8103446209024,4.70984307108568,5.69240720258697,8,8
"Ccl5",15.9994830473842,1.17493227850837,13.6173661580702,22.3999555956101,1.35247069133725,16.5622484384207,8,8
"Lcn2",12.2109192084406,3.26003778099712,3.74563732960966,24.0824890915361,4.23576712351783,5.68550828911845,8,8
"Steap4",4.68756725307523,7.49404211641123,0.625505859222476,5.78886432762384,11.2570198457191,0.514244836285445,8,8
